record,reason
CIS 68705771 / CIP13 (all presentations),CIS not in CIS_bdpm.txt (product off the market > 2 years)
CIS 60245890 / CIP13 (all presentations),CIS not in CIS_bdpm.txt (product off the market > 2 years)
CIS 60120488 / CIP13 (all presentations),CIS not in CIS_bdpm.txt (product off the market > 2 years)
CIS 60354021 / CIP13 (all presentations),CIS not in CIS_bdpm.txt (product off the market > 2 years)
CIS 64799798 / CIP13 (all presentations),CIS not in CIS_bdpm.txt (product off the market > 2 years)
CIS 63963814 / CIP13 (all presentations),CIS not in CIS_bdpm.txt (product off the market > 2 years)
CIS 66299891 / CIP13 (all presentations),CIS not in CIS_bdpm.txt (product off the market > 2 years)
CIS 63301789 / CIP13 (all presentations),CIS not in CIS_bdpm.txt (product off the market > 2 years)
CIS 64158080 / CIP13 (all presentations),CIS not in CIS_bdpm.txt (product off the market > 2 years)
CIS 63397978 / CIP13 (all presentations),CIS not in CIS_bdpm.txt (product off the market > 2 years)
CIS 63877443 / CIP13 (all presentations),CIS not in CIS_bdpm.txt (product off the market > 2 years)
CIS 65312236 / CIP13 (all presentations),CIS not in CIS_bdpm.txt (product off the market > 2 years)
CIS 69103839 / CIP13 (all presentations),CIS not in CIS_bdpm.txt (product off the market > 2 years)
CIS 63741219 / CIP13 (all presentations),CIS not in CIS_bdpm.txt (product off the market > 2 years)
CIS 66878792 / CIP13 (all presentations),CIS not in CIS_bdpm.txt (product off the market > 2 years)
